S-26,1 Central Ave,Stevens Point,WI,54481
S-19,1 State Route 27,Taylor,MI,48180
S-43,1048 Main St,Fairbanks,AK,99708
S-72,1088 Pinehurst St,Chapel Hill,NC,27514
S-83,11279 Loytan St,Jacksonville,FL,32254
S-37,128 Bransten Rd,New York,NY,10011
S-57,14288 Foster Ave #4121,Jenkintown,PA,19046
S-60,14302 Pennsylvania Ave,Huntingdon Valley,PA,19006
S-38,17 Morena Blvd,Camarillo,CA,93012
S-94,1747 Calle Amanecer #2,Anchorage,AK,99501
S-67,18 Fountain St,Anchorage,AK,99515
S-28,2 Cedar Ave #84,Easton,MD,21601
S-46,2 Lighthouse Ave,Hopkins,MN,55343
S-45,20 S Babcock St,Fairbanks,AK,99712
S-61,201 Hawk Ct,Providence,RI,2904
S-50,209 Decker Dr,Philadelphia,PA,19132
S-74,20932 Hedley St,Concord,CA,94520
S-10,228 Runamuck Pl #2808,Baltimore,MD,21224
S-11,2371 Jerrold Ave,Kulpsville,PA,19443
S-13,25 E 75th St #69,Los Angeles,CA,90034
S-64,2664 Lewis Rd,Littleton,CO,80126
S-75,2737 Pistorio Rd #9230,London,OH,43140
S-35,2742 Distribution Way,New York,NY,10025
S-69,2853 S Central Expy,Glen Burnie,MD,21061
S-41,2881 Lewis Rd,Prineville,OR,97754
S-90,3 Fort Worth Ave,Philadelphia,PA,19106
S-06,3 Mcauley Dr,Ashland,OH,44805
S-73,30 W 80th St #1995,San Carlos,CA,94070
S-81,31 Douglas Blvd #950,Clovis,NM,88101
S-18,322 New Horizon Blvd,Milwaukee,WI,53207
S-25,3273 State St,Middlesex,NJ,8846
S-66,3305 Nabell Ave #679,New York,NY,10009
S-05,34 Center St,Hamilton,OH,45011
S-32,366 South Dr,Las Cruces,NM,88011
S-88,37 Alabama Ave,Evanston,IL,60201
S-12,37275 St  Rt 17m M,Middle Island,NY,11953
S-89,3777 E Richmond St #900,Akron,OH,44302
S-30,386 9th Ave N,Conroe,TX,77301
S-47,38938 Park Blvd,Boston,MA,2128
S-52,39 S 7th St,Tullahoma,TN,37388
S-20,394 Manchester Blvd,Rockford,IL,61109
S-02,4 B Blue Ridge Blvd,Brighton,MI,48116
S-58,4 Otis St,Van Nuys,CA,91405
S-34,4 Ralph Ct,Dunellen,NJ,8812
S-36,426 Wolf St,Metairie,LA,70002
S-79,4284 Dorigo Ln,Chicago,IL,60647
S-82,44 W 4th St,Staten Island,NY,10309
S-51,4486 W O St #1,New York,NY,10003
S-33,45 E Liberty St,Ridgefield Park,NJ,7660
S-56,4545 Courthouse Rd,Westbury,NY,11590
S-86,461 Prospect Pl #316,Euless,TX,76040
S-87,47154 Whipple Ave Nw,Gardena,CA,90247
S-78,47565 W Grand Ave,Newark,NJ,7105
S-91,4800 Black Horse Pike,Burlingame,CA,94010
S-09,5 Boston Ave #88,Sioux Falls,SD,57105
S-48,5 Tomahawk Dr,Los Angeles,CA,90006
S-62,53075 Sw 152nd Ter #615,Monroe Township,NJ,8831
S-97,55 Riverside Ave,Indianapolis,IN,46202
S-15,56 E Morehead St,Laredo,TX,78045
S-63,59 N Groesbeck Hwy,Austin,TX,78731
S-65,59 Shady Ln #53,Milwaukee,WI,53214
S-22,6 Greenleaf Ave,San Jose,CA,95111
S-77,6 Kains Ave,Baltimore,MD,21215
S-21,6 S 33rd St,Aston,PA,19014
S-23,618 W Yakima Ave,Irving,TX,75062
S-04,639 Main St,Anchorage,AK,99501
S-99,64 5th Ave #1153,Mc Lean,VA,22102
S-59,65895 S 16th St,Providence,RI,2909
S-01,6649 N Blue Gum St,New Orleans,LA,70116
S-44,678 3rd Ave,Miami,FL,33196
S-80,6794 Lake Dr E,Newark,NJ,7104
S-96,68556 Central Hwy,San Leandro,CA,94577
S-84,69 Marquette Ave,Hayward,CA,94545
S-17,69734 E Carrillo St,Mc Minnville,TN,37110
S-40,6980 Dorsett Rd,Abilene,KS,67410
S-07,7 Eads St,Chicago,IL,60632
S-68,7 W 32nd St,Erie,PA,16502
S-08,7 W Jackson Blvd,San Jose,CA,95111
S-85,70 W Main St,Beachwood,OH,44122
S-71,701 S Harrison Rd,San Francisco,CA,94104
S-54,71 San Mateo Ave,Wayne,PA,19087
S-98,7140 University Ave,Rock Springs,WY,82901
S-42,7219 Woodfield Rd,Overland Park,KS,66204
S-16,73 State Road 434 E,Phoenix,AZ,85013
S-24,74 S Westgate St,Albany,NY,12204
S-70,74 W College St,Boise,ID,83707
S-31,74874 Atlantic Ave,Columbus,OH,43215
S-76,74989 Brandon St,Wellsville,NY,14895
S-55,76 Brooks St #9,Flemington,NJ,8822
S-49,762 S Main St,Madison,WI,53711
S-39,775 W 17th St,San Antonio,TX,78204
S-03,8 W Cerritos Ave #54,Bridgeport,NJ,8014
S-92,83649 W Belmont Ave,San Gabriel,CA,91776
S-93,840 15th Ave,Waco,TX,76708
S-27,86 Nw 66th St #8673,Shawnee,KS,66218
S-29,90991 Thorburn Ave,New York,NY,10011
S-14,98 Connecticut Ave Nw,Chagrin Falls,OH,44023
S-53,98839 Hawthorne Blvd #6101,Columbia,SC,29201
S-95,99385 Charity St #840,San Jose,CA,95110